date,asof,spy_direction,spy_probability,spy_predicted_return,qqq_direction,qqq_probability,qqq_predicted_return,model_accuracy
2026-09-19,2026-09-18,bullish,0.613,-0.17,bullish,0.638,0.554,0.5905
2026-09-22,2026-09-21,bullish,0.609,0.276,bullish,0.793,0.657,0.5932
2026-09-23,2026-09-22,bullish,0.716,0.567,bullish,0.764,0.724,0.5932
2026-09-24,2026-09-23,bullish,0.536,0.046,bullish,0.736,0.421,0.5932
2026-09-25,2026-09-24,bearish,0.226,-0.164,bearish,0.39,-0.474,0.5932
2026-09-26,2026-09-25,bearish,0.231,-0.319,bearish,0.313,-0.808,0.5932
2026-09-29,2026-09-28,bullish,0.735,0.333,bullish,0.583,0.744,0.5635
2026-09-30,2026-09-29,bearish,0.369,-0.159,bearish,0.473,-0.219,0.5635
2026-10-01,2026-09-30,bearish,0.225,-0.364,bearish,0.411,-0.54,0.5635
2026-10-02,2026-10-01,bearish,0.296,-0.229,bearish,0.439,-0.295,0.5635
2026-10-03,2026-10-02,bearish,0.37,-0.098,bearish,0.472,0.111,0.5635
2026-10-06,2026-10-05,bearish,0.437,0.077,bearish,0.419,-0.475,0.5635
2026-10-07,2026-10-06,bearish,0.289,0.088,bearish,0.275,-0.534,0.5635
2026-10-08,2026-10-07,bearish,0.294,-0.681,bearish,0.313,-0.51,0.5638
